{"cameraMode":{"drawMode":0,"name":"Shaded","section":"Shading Mode"},"sceneLighting":false,"audioPlay":false,"sceneViewState":{"showFog":true,"showMaterialUpdate":false,"showSkybox":false,"showFlares":true,"showImageEffects":true,"showParticleSystems":true},"in2DMode":false,"pivot":{"x":252.9959716796875,"y":1.2501112222671509,"z":221.9576416015625},"rotation":{"x":0.0018894416280090809,"y":0.7085608243942261,"z":0.001901700859889388,"w":-0.7056446671485901},"size":14.509037017822266,"orthographic":false}