{"cameraMode":{"drawMode":0,"name":"Shaded","section":"Shading Mode"},"sceneLighting":true,"audioPlay":false,"sceneViewState":{"showFog":true,"showMaterialUpdate":false,"showSkybox":true,"showFlares":true,"showImageEffects":true,"showParticleSystems":true},"in2DMode":false,"pivot":{"x":593.9962158203125,"y":-361.71990966796877,"z":284.10498046875},"rotation":{"x":0.30456751585006716,"y":0.5788336992263794,"z":-0.24651262164115907,"w":0.7151375412940979},"size":527.8837890625,"orthographic":false}