{"cameraMode":{"drawMode":0,"name":"Shaded","section":"Shading Mode"},"sceneLighting":true,"audioPlay":false,"sceneViewState":{"showFog":true,"showMaterialUpdate":false,"showSkybox":true,"showFlares":true,"showImageEffects":true,"showParticleSystems":true},"in2DMode":false,"pivot":{"x":37.69801330566406,"y":16.57613754272461,"z":17.023571014404298},"rotation":{"x":-0.2064942717552185,"y":-0.044606346637010577,"z":0.009422818198800087,"w":-0.9773851037025452},"size":14.746400833129883,"orthographic":false}