{"cameraMode":{"drawMode":0,"name":"Shaded","section":"Shading Mode"},"sceneLighting":true,"audioPlay":false,"sceneViewState":{"showFog":true,"showMaterialUpdate":false,"showSkybox":true,"showFlares":true,"showImageEffects":true,"showParticleSystems":true},"in2DMode":false,"pivot":{"x":212.7554931640625,"y":46.292999267578128,"z":179.38858032226563},"rotation":{"x":0.32949990034103396,"y":0.1797797977924347,"z":-0.06406252086162567,"w":0.9246648550033569},"size":12.843877792358399,"orthographic":false}