{"cameraMode":{"drawMode":0,"name":"Shaded","section":"Shading Mode"},"sceneLighting":true,"audioPlay":false,"sceneViewState":{"showFog":true,"showMaterialUpdate":false,"showSkybox":true,"showFlares":true,"showImageEffects":true,"showParticleSystems":true},"in2DMode":false,"pivot":{"x":254.37098693847657,"y":3.7450008392333986,"z":219.561767578125},"rotation":{"x":-0.0014927433803677559,"y":0.9983978271484375,"z":-0.031778693199157718,"w":-0.04679421707987785},"size":8.265639305114746,"orthographic":false}