{"cameraMode":{"drawMode":0,"name":"Shaded","section":"Shading Mode"},"sceneLighting":true,"audioPlay":false,"sceneViewState":{"showFog":true,"showMaterialUpdate":false,"showSkybox":true,"showFlares":true,"showImageEffects":true,"showParticleSystems":true},"in2DMode":false,"pivot":{"x":524.1986083984375,"y":134.4156494140625,"z":-348.9580078125},"rotation":{"x":-0.051886845380067828,"y":-0.0035995698999613525,"z":0.00018655526218935847,"w":-0.9986464977264404},"size":9.06419849395752,"orthographic":false}